,depressed,sad,frustrated,worthless,calm,happy,clinical_depression,frustration_blocked_goal,pain_axis
depressed,0.99999994,0.46062827,-0.21554044,0.45064586,-0.5042534,-0.65737885,0.5629982,-0.5629981,0.039411675
sad,0.46062827,0.99999976,-0.020715585,0.22778049,-0.4939993,-0.5381156,0.2562001,-0.25620013,0.062475443
frustrated,-0.21554044,-0.020715585,0.99999994,-0.057852864,-0.323323,-0.18226022,-0.46798903,0.467989,0.002699473
worthless,0.45064586,0.22778049,-0.057852864,0.99999994,-0.56496036,-0.5191401,0.26714137,-0.26714143,0.114825144
calm,-0.5042534,-0.4939993,-0.323323,-0.56496036,1.0000005,0.2654432,-0.13521516,0.13521515,-0.08616758
happy,-0.65737885,-0.5381156,-0.18226022,-0.5191401,0.2654432,0.9999996,-0.2757382,0.27573824,-0.055375367
clinical_depression,0.5629982,0.2562001,-0.46798903,0.26714137,-0.13521516,-0.2757382,0.9999998,-0.9999998,-0.00038866134
frustration_blocked_goal,-0.5629981,-0.25620013,0.467989,-0.26714143,0.13521515,0.27573824,-0.9999998,0.99999976,0.00038866207
pain_axis,0.039411675,0.062475443,0.002699473,0.114825144,-0.08616758,-0.055375367,-0.00038866134,0.00038866207,1.0
