layer,label,cosine
6,depressed,0.1719006448984146
6,sad,0.058128371834754944
6,gloomy,-0.010761450976133347
6,melancholy,0.07865964621305466
6,miserable,0.10159321874380112
6,dispirited,0.07464056462049484
6,listless,-0.021051893010735512
6,weary,0.11015638709068298
6,worn out,0.03607449308037758
6,tired,0.004496518988162279
6,resigned,-0.040607403963804245
6,lonely,0.08217449486255646
6,heartbroken,0.2252427041530609
6,grief-stricken,0.22150729596614838
6,worthless,0.14350876212120056
6,self-critical,0.0581049807369709
6,ashamed,-0.016947820782661438
6,guilty,0.07993179559707642
6,humiliated,-0.10373956710100174
6,embarrassed,-0.2175942212343216
6,regretful,0.12278536707162857
6,sorry,-0.031773533672094345
6,desperate,0.19144019484519958
6,panicked,0.00391920143738389
6,hysterical,0.10625527799129486
6,overwhelmed,0.04734083265066147
6,distressed,0.09877528995275497
6,tormented,0.2271880805492401
6,trapped,0.18687279522418976
6,stuck,0.11471833288669586
6,frustrated,-0.06790519505739212
6,exasperated,-0.1273842602968216
6,angry,-0.14575660228729248
6,anxious,-0.08504542708396912
6,afraid,0.025062981992959976
6,nervous,-0.18734312057495117
6,stressed,-0.09415975213050842
6,calm,-0.27577313780784607
6,self-confident,-0.03143513947725296
6,content,-0.13817012310028076
6,happy,-0.13998661935329437
6,hopeful,-0.10818465799093246
6,clinical_depression,0.018475262448191643
6,acute_grief,0.1895381212234497
6,burnout_exhaustion,-0.10226139426231384
6,physical_illness_fatigue,0.13558706641197205
6,anxiety_panic,-0.03125360235571861
6,frustration_blocked_goal,-0.1301136612892151
6,pain_axis,-0.3231563866138458
8,depressed,-0.055553317070007324
8,sad,-0.054675571620464325
8,gloomy,0.21493017673492432
8,melancholy,-0.0037172934971749783
8,miserable,0.23624174296855927
8,dispirited,0.24018660187721252
8,listless,-0.1013384684920311
8,weary,0.14373686909675598
8,worn out,0.043661992996931076
8,tired,0.2119162231683731
8,resigned,-0.3143356740474701
8,lonely,-0.002089116722345352
8,heartbroken,-0.18684005737304688
8,grief-stricken,-0.22395195066928864
8,worthless,-0.26709720492362976
8,self-critical,-0.001794405747205019
8,ashamed,-0.15060213208198547
8,guilty,-0.27637434005737305
8,humiliated,0.28371965885162354
8,embarrassed,0.22040653228759766
8,regretful,-0.32339197397232056
8,sorry,-0.28218981623649597
8,desperate,0.03782016038894653
8,panicked,0.17493902146816254
8,hysterical,0.10332855582237244
8,overwhelmed,0.37902310490608215
8,distressed,0.019777946174144745
8,tormented,0.23446832597255707
8,trapped,0.28590789437294006
8,stuck,0.19423016905784607
8,frustrated,0.36290279030799866
8,exasperated,0.2604968845844269
8,angry,0.10953957587480545
8,anxious,0.14405566453933716
8,afraid,0.22536568343639374
8,nervous,0.029330657795071602
8,stressed,0.2834010720252991
8,calm,-0.36622822284698486
8,self-confident,-0.13398303091526031
8,content,-0.27566006779670715
8,happy,-0.06162611022591591
8,hopeful,-0.2559974789619446
8,clinical_depression,-0.25338736176490784
8,acute_grief,-0.23108971118927002
8,burnout_exhaustion,0.161007821559906
8,physical_illness_fatigue,0.005228368565440178
8,anxiety_panic,0.17815065383911133
8,frustration_blocked_goal,0.05814370512962341
8,pain_axis,-0.5662280321121216
10,depressed,-0.039971351623535156
10,sad,-0.09029249846935272
10,gloomy,0.016820896416902542
10,melancholy,-0.1320471316576004
10,miserable,0.006318323314189911
10,dispirited,0.07930763065814972
10,listless,0.08138825744390488
10,weary,0.09473657608032227
10,worn out,-0.06933372467756271
10,tired,0.05098174884915352
10,resigned,-0.1601988673210144
10,lonely,-0.061508990824222565
10,heartbroken,-0.22821033000946045
10,grief-stricken,-0.21759654581546783
10,worthless,-0.22216208279132843
10,self-critical,-0.040545716881752014
10,ashamed,-0.11203251779079437
10,guilty,-0.17705754935741425
10,humiliated,0.23116301000118256
10,embarrassed,0.2607191503047943
10,regretful,-0.30231818556785583
10,sorry,-0.3271021544933319
10,desperate,0.08912306278944016
10,panicked,0.23873859643936157
10,hysterical,0.24033154547214508
10,overwhelmed,0.24103990197181702
10,distressed,-0.06132040545344353
10,tormented,0.07205080986022949
10,trapped,0.14787982404232025
10,stuck,0.05541244149208069
10,frustrated,0.3461574614048004
10,exasperated,0.28404179215431213
10,angry,0.20066727697849274
10,anxious,0.21424975991249084
10,afraid,0.18531133234500885
10,nervous,0.20823055505752563
10,stressed,0.18143020570278168
10,calm,-0.25690382719039917
10,self-confident,-0.13995975255966187
10,content,-0.2912156283855438
10,happy,-0.09251309931278229
10,hopeful,-0.2633092999458313
10,clinical_depression,-0.2356780469417572
10,acute_grief,-0.11833063513040543
10,burnout_exhaustion,-0.09307540953159332
10,physical_illness_fatigue,-0.03685680776834488
10,anxiety_panic,0.08892840147018433
10,frustration_blocked_goal,0.20455165207386017
10,pain_axis,-0.6341860294342041
12,depressed,0.04400517791509628
12,sad,-0.009672673419117928
12,gloomy,0.07449160516262054
12,melancholy,-0.10831086337566376
12,miserable,0.07073412835597992
12,dispirited,0.10363180935382843
12,listless,0.11722399294376373
12,weary,0.14131027460098267
12,worn out,0.05541561171412468
12,tired,0.12810352444648743
12,resigned,-0.14643648266792297
12,lonely,-0.01692023314535618
12,heartbroken,-0.16560323536396027
12,grief-stricken,-0.17174175381660461
12,worthless,-0.17234180867671967
12,self-critical,-0.11533865332603455
12,ashamed,-0.13588161766529083
12,guilty,-0.2008374035358429
12,humiliated,0.15588703751564026
12,embarrassed,0.21412630379199982
12,regretful,-0.3205670118331909
12,sorry,-0.3241775631904602
12,desperate,0.19238083064556122
12,panicked,0.2213674783706665
12,hysterical,0.2287248820066452
12,overwhelmed,0.3030219078063965
12,distressed,0.027728678658604622
12,tormented,0.007828067988157272
12,trapped,0.09473559260368347
12,stuck,0.04796583205461502
12,frustrated,0.28619304299354553
12,exasperated,0.2525125741958618
12,angry,0.1557968258857727
12,anxious,0.2360062301158905
12,afraid,0.1719786524772644
12,nervous,0.24660234153270721
12,stressed,0.23549750447273254
12,calm,-0.2711288630962372
12,self-confident,-0.2517518997192383
12,content,-0.2819898724555969
12,happy,-0.15190967917442322
12,hopeful,-0.27688851952552795
12,clinical_depression,-0.20762252807617188
12,acute_grief,-0.12373124063014984
12,burnout_exhaustion,-0.08692825585603714
12,physical_illness_fatigue,-0.05980679765343666
12,anxiety_panic,0.1001211628317833
12,frustration_blocked_goal,0.1775161474943161
12,pain_axis,-0.5476621985435486
14,depressed,0.22688443958759308
14,sad,-0.1661381870508194
14,gloomy,-0.1818522810935974
14,melancholy,-0.1327628791332245
14,miserable,-0.09371837228536606
14,dispirited,0.09206689149141312
14,listless,0.13630321621894836
14,weary,0.08888529241085052
14,worn out,0.007280874997377396
14,tired,-0.1966259479522705
14,resigned,0.10100865364074707
14,lonely,0.08349717408418655
14,heartbroken,0.1128503754734993
14,grief-stricken,0.0744219645857811
14,worthless,0.28221312165260315
14,self-critical,0.14610408246517181
14,ashamed,0.28850874304771423
14,guilty,0.24951675534248352
14,humiliated,0.26868847012519836
14,embarrassed,0.1425931751728058
14,regretful,0.012297860346734524
14,sorry,-0.13238190114498138
14,desperate,0.26638108491897583
14,panicked,0.0853363424539566
14,hysterical,0.009618766605854034
14,overwhelmed,0.08820182830095291
14,distressed,-0.17346613109111786
14,tormented,0.048927582800388336
14,trapped,0.08444519340991974
14,stuck,0.060749974101781845
14,frustrated,-0.009092176333069801
14,exasperated,-0.021287433803081512
14,angry,-0.04901646450161934
14,anxious,0.024570120498538017
14,afraid,0.031556934118270874
14,nervous,-0.06239243596792221
14,stressed,-0.1448865830898285
14,calm,-0.25010693073272705
14,self-confident,-0.05832257121801376
14,content,-0.322236031293869
14,happy,-0.2167123705148697
14,hopeful,-0.13027256727218628
14,clinical_depression,-0.011452458798885345
14,acute_grief,0.01980757527053356
14,burnout_exhaustion,-0.05849757045507431
14,physical_illness_fatigue,0.13137535750865936
14,anxiety_panic,0.056196428835392
14,frustration_blocked_goal,-0.09246374666690826
14,pain_axis,-0.5526118874549866
16,depressed,0.11099546402692795
16,sad,-0.17509938776493073
16,gloomy,-0.1779291033744812
16,melancholy,-0.14613841474056244
16,miserable,-0.014187411405146122
16,dispirited,0.04847247526049614
16,listless,0.028294963762164116
16,weary,-0.05289754644036293
16,worn out,-0.10468162596225739
16,tired,-0.18686829507350922
16,resigned,0.14398372173309326
16,lonely,0.033160917460918427
16,heartbroken,0.1141568124294281
16,grief-stricken,0.009876317344605923
16,worthless,0.24255652725696564
16,self-critical,0.21475885808467865
16,ashamed,0.3075382709503174
16,guilty,0.33442020416259766
16,humiliated,0.21858851611614227
16,embarrassed,0.0661812499165535
16,regretful,0.24928247928619385
16,sorry,0.14400145411491394
16,desperate,0.18119105696678162
16,panicked,-0.06828226149082184
16,hysterical,-0.12681758403778076
16,overwhelmed,-0.017248451709747314
16,distressed,-0.12130068242549896
16,tormented,0.05835970118641853
16,trapped,0.15894760191440582
16,stuck,0.09625012427568436
16,frustrated,-0.04655223339796066
16,exasperated,-0.07196499407291412
16,angry,-0.004483925644308329
16,anxious,-0.04680315777659416
16,afraid,-0.10903558135032654
16,nervous,-0.12287686765193939
16,stressed,-0.08341894298791885
16,calm,-0.18566742539405823
16,self-confident,-0.008602380752563477
16,content,-0.23390765488147736
16,happy,-0.2084435224533081
16,hopeful,-0.1114039272069931
16,clinical_depression,0.02320774830877781
16,acute_grief,0.0064314366318285465
16,burnout_exhaustion,0.02715909294784069
16,physical_illness_fatigue,0.120867520570755
16,anxiety_panic,0.02038850076496601
16,frustration_blocked_goal,-0.10923147201538086
16,pain_axis,-0.3809513747692108
18,depressed,0.36919212341308594
18,sad,-0.518511950969696
18,gloomy,-0.4132217466831207
18,melancholy,-0.4679787755012512
18,miserable,-0.16483372449874878
18,dispirited,-0.27708110213279724
18,listless,0.25883930921554565
18,weary,-0.20089802145957947
18,worn out,-0.25723955035209656
18,tired,-0.29935184121131897
18,resigned,0.3527779281139374
18,lonely,-0.24990908801555634
18,heartbroken,0.20306016504764557
18,grief-stricken,-0.032007407397031784
18,worthless,0.43146875500679016
18,self-critical,0.452750563621521
18,ashamed,0.5303642153739929
18,guilty,0.550144612789154
18,humiliated,0.41616934537887573
18,embarrassed,0.25877082347869873
18,regretful,0.2957174479961395
18,sorry,-0.08825402706861496
18,desperate,0.19308574497699738
18,panicked,0.20610857009887695
18,hysterical,0.24230502545833588
18,overwhelmed,0.04318753257393837
18,distressed,-0.23357528448104858
18,tormented,0.09140019118785858
18,trapped,-0.032354190945625305
18,stuck,-0.13801762461662292
18,frustrated,0.18614493310451508
18,exasperated,0.3200792372226715
18,angry,0.26244840025901794
18,anxious,0.11747734993696213
18,afraid,-0.16556686162948608
18,nervous,-0.13312435150146484
18,stressed,-0.27482691407203674
18,calm,-0.41260653734207153
18,self-confident,0.08915074169635773
18,content,-0.4940405786037445
18,happy,-0.37203383445739746
18,hopeful,-0.40858566761016846
18,clinical_depression,0.21741744875907898
18,acute_grief,0.14586231112480164
18,burnout_exhaustion,-0.10542958229780197
18,physical_illness_fatigue,0.20358437299728394
18,anxiety_panic,0.056639570742845535
18,frustration_blocked_goal,-0.24507974088191986
18,pain_axis,-0.5534483194351196
20,depressed,0.12329462170600891
20,sad,-0.5724155902862549
20,gloomy,-0.5190607905387878
20,melancholy,-0.5616743564605713
20,miserable,-0.3801020085811615
20,dispirited,-0.35343265533447266
20,listless,-0.018039356917142868
20,weary,-0.40121397376060486
20,worn out,-0.4417899250984192
20,tired,-0.47969314455986023
20,resigned,0.3421925902366638
20,lonely,-0.38973450660705566
20,heartbroken,0.09827204048633575
20,grief-stricken,-0.16508983075618744
20,worthless,0.33655136823654175
20,self-critical,0.3625614047050476
20,ashamed,0.5916215181350708
20,guilty,0.5875827074050903
20,humiliated,0.5255611538887024
20,embarrassed,0.39539480209350586
20,regretful,0.2588732838630676
20,sorry,-0.09508561342954636
20,desperate,0.36575254797935486
20,panicked,0.22253385186195374
20,hysterical,0.3129543364048004
20,overwhelmed,-0.16859149932861328
20,distressed,-0.26441726088523865
20,tormented,0.030734717845916748
20,trapped,-0.11045859754085541
20,stuck,-0.22487415373325348
20,frustrated,0.32519960403442383
20,exasperated,0.4154173731803894
20,angry,0.42751699686050415
20,anxious,0.06133733317255974
20,afraid,-0.13615374267101288
20,nervous,-0.16531091928482056
20,stressed,-0.3559838533401489
20,calm,-0.35531678795814514
20,self-confident,0.28397127985954285
20,content,-0.4484393000602722
20,happy,-0.24621030688285828
20,hopeful,-0.2554033100605011
20,clinical_depression,-0.007624668534845114
20,acute_grief,0.10340145230293274
20,burnout_exhaustion,-0.017713498324155807
20,physical_illness_fatigue,0.3494129776954651
20,anxiety_panic,0.05625888705253601
20,frustration_blocked_goal,-0.26043570041656494
20,pain_axis,-0.5829718708992004
22,depressed,0.03091411292552948
22,sad,-0.013794956728816032
22,gloomy,-0.013299240730702877
22,melancholy,-0.027770252898335457
22,miserable,-0.02342033013701439
22,dispirited,0.019370481371879578
22,listless,0.022478340193629265
22,weary,0.012681248597800732
22,worn out,0.019764721393585205
22,tired,0.03384754806756973
22,resigned,-0.007247066590934992
22,lonely,-0.014257693663239479
22,heartbroken,0.012343203648924828
22,grief-stricken,-0.015005887486040592
22,worthless,-0.013834521174430847
22,self-critical,-0.013311329297721386
22,ashamed,-0.005262535996735096
22,guilty,-0.01609688438475132
22,humiliated,0.009425145573914051
22,embarrassed,0.0026139949914067984
22,regretful,-0.03001372143626213
22,sorry,-0.06464254856109619
22,desperate,-0.005474727135151625
22,panicked,0.026363195851445198
22,hysterical,0.016915323212742805
22,overwhelmed,0.023234685882925987
22,distressed,-0.00270690000616014
22,tormented,-0.014490293338894844
22,trapped,-0.03804214671254158
22,stuck,-0.010925443843007088
22,frustrated,0.04182698577642441
22,exasperated,0.03830847144126892
22,angry,0.02176121063530445
22,anxious,0.0024179236497730017
22,afraid,-0.00508266082033515
22,nervous,0.001772683346644044
22,stressed,0.018159260973334312
22,calm,-0.019161850214004517
22,self-confident,0.0337657667696476
22,content,-0.017844701185822487
22,happy,0.0015388962347060442
22,hopeful,-0.026195326820015907
22,clinical_depression,0.003431786084547639
22,acute_grief,0.01702415756881237
22,burnout_exhaustion,0.004507069010287523
22,physical_illness_fatigue,0.05057947710156441
22,anxiety_panic,-0.028566498309373856
22,frustration_blocked_goal,-0.020228775218129158
22,pain_axis,-0.027237901464104652
24,depressed,0.1559566855430603
24,sad,-0.28461965918540955
24,gloomy,-0.26010337471961975
24,melancholy,-0.4024094045162201
24,miserable,-0.02160687744617462
24,dispirited,-0.2291214019060135
24,listless,0.07571376860141754
24,weary,-0.156793013215065
24,worn out,-0.12050601094961166
24,tired,-0.009651447646319866
24,resigned,-0.004861409775912762
24,lonely,-0.3047778308391571
24,heartbroken,0.12693293392658234
24,grief-stricken,0.03301609680056572
24,worthless,-0.0979061871767044
24,self-critical,-0.10339175164699554
24,ashamed,0.23650702834129333
24,guilty,0.16759881377220154
24,humiliated,0.2196333110332489
24,embarrassed,0.2344382256269455
24,regretful,-0.1507127285003662
24,sorry,-0.3289436399936676
24,desperate,0.2929500639438629
24,panicked,0.2902286648750305
24,hysterical,0.4084593951702118
24,overwhelmed,0.09056559950113297
24,distressed,0.11862866580486298
24,tormented,0.0752386823296547
24,trapped,-0.13362433016300201
24,stuck,-0.202751025557518
24,frustrated,0.1691591739654541
24,exasperated,0.31852930784225464
24,angry,0.332712858915329
24,anxious,0.2017117589712143
24,afraid,0.07420424371957779
24,nervous,0.18617311120033264
24,stressed,0.1066383346915245
24,calm,-0.3178224563598633
24,self-confident,-0.11583835631608963
24,content,-0.23685100674629211
24,happy,-0.17637932300567627
24,hopeful,-0.3748365044593811
24,clinical_depression,-0.05694366618990898
24,acute_grief,0.13758538663387299
24,burnout_exhaustion,-0.0914687067270279
24,physical_illness_fatigue,0.25143182277679443
24,anxiety_panic,0.10562673956155777
24,frustration_blocked_goal,-0.20745238661766052
24,pain_axis,-0.36487317085266113
26,depressed,0.03160833939909935
26,sad,-0.14290478825569153
26,gloomy,-0.11506479978561401
26,melancholy,-0.23264086246490479
26,miserable,-0.026311282068490982
26,dispirited,-0.11190321296453476
26,listless,0.030962806195020676
26,weary,-0.10751619935035706
26,worn out,-0.06210591644048691
26,tired,-0.009683728218078613
26,resigned,-0.03617703169584274
26,lonely,-0.22175651788711548
26,heartbroken,0.05371180549263954
26,grief-stricken,-0.011627042666077614
26,worthless,-0.11202123016119003
26,self-critical,-0.07181570678949356
26,ashamed,0.13920031487941742
26,guilty,0.08855681121349335
26,humiliated,0.1387188583612442
26,embarrassed,0.17768318951129913
26,regretful,-0.0806235745549202
26,sorry,-0.1278766393661499
26,desperate,0.11124361306428909
26,panicked,0.1814803034067154
26,hysterical,0.2211357206106186
26,overwhelmed,0.0373639315366745
26,distressed,0.09249589592218399
26,tormented,-0.009588496759533882
26,trapped,-0.17150041460990906
26,stuck,-0.16589653491973877
26,frustrated,0.13555538654327393
26,exasperated,0.20522908866405487
26,angry,0.18555428087711334
26,anxious,0.12147346884012222
26,afraid,0.0330100879073143
26,nervous,0.15039707720279694
26,stressed,0.08438776433467865
26,calm,-0.16543273627758026
26,self-confident,-0.04369165375828743
26,content,-0.14306354522705078
26,happy,-0.05736751854419708
26,hopeful,-0.21400143206119537
26,clinical_depression,-0.03453206270933151
26,acute_grief,0.0497649684548378
26,burnout_exhaustion,-0.07694477587938309
26,physical_illness_fatigue,0.1262131780385971
26,anxiety_panic,0.0069775208830833435
26,frustration_blocked_goal,-0.045045312494039536
26,pain_axis,-0.2310476303100586
28,depressed,0.027531584724783897
28,sad,-0.05230608582496643
28,gloomy,-0.024228572845458984
28,melancholy,-0.1360594928264618
28,miserable,0.02318054623901844
28,dispirited,-0.012980964034795761
28,listless,0.04094305261969566
28,weary,-0.01506388932466507
28,worn out,0.03910510987043381
28,tired,0.050359223037958145
28,resigned,-0.03133918344974518
28,lonely,-0.13794513046741486
28,heartbroken,0.008544616401195526
28,grief-stricken,-0.01743423566222191
28,worthless,-0.07034425437450409
28,self-critical,-0.08769457787275314
28,ashamed,0.0474931001663208
28,guilty,0.0003078041481785476
28,humiliated,0.06382250785827637
28,embarrassed,0.08236685395240784
28,regretful,-0.09364879131317139
28,sorry,-0.10064484179019928
28,desperate,0.07468245923519135
28,panicked,0.12616083025932312
28,hysterical,0.13800372183322906
28,overwhelmed,0.07395315915346146
28,distressed,0.0886177122592926
28,tormented,-0.014809566549956799
28,trapped,-0.10738908499479294
28,stuck,-0.08527986705303192
28,frustrated,0.09428725391626358
28,exasperated,0.12602247297763824
28,angry,0.11227713525295258
28,anxious,0.08131321519613266
28,afraid,0.026473572477698326
28,nervous,0.10134408622980118
28,stressed,0.12110773473978043
28,calm,-0.12777291238307953
28,self-confident,-0.06699937582015991
28,content,-0.07704520970582962
28,happy,-0.04725851118564606
28,hopeful,-0.1538248062133789
28,clinical_depression,-0.007601626683026552
28,acute_grief,-0.00030591789982281625
28,burnout_exhaustion,-0.03900983929634094
28,physical_illness_fatigue,0.06646832078695297
28,anxiety_panic,-0.022233787924051285
28,frustration_blocked_goal,0.006156553514301777
28,pain_axis,-0.04806434363126755
30,depressed,0.04062137007713318
30,sad,0.012240705080330372
30,gloomy,0.07956738024950027
30,melancholy,-0.07067443430423737
30,miserable,0.0918070524930954
30,dispirited,0.09866784512996674
30,listless,0.07984001934528351
30,weary,-0.03177515044808388
30,worn out,0.038468316197395325
30,tired,-0.01453369576483965
30,resigned,-0.03271239995956421
30,lonely,-0.11564482003450394
30,heartbroken,0.04874167591333389
30,grief-stricken,0.010044259019196033
30,worthless,-0.015570606105029583
30,self-critical,-0.06462784111499786
30,ashamed,-0.011504089459776878
30,guilty,-0.05923622101545334
30,humiliated,0.04256650060415268
30,embarrassed,0.03787989914417267
30,regretful,-0.09166145324707031
30,sorry,-0.10661894083023071
30,desperate,0.08361198753118515
30,panicked,0.08197373896837234
30,hysterical,0.12523986399173737
30,overwhelmed,0.056325513869524
30,distressed,0.052437279373407364
30,tormented,0.0019059475744143128
30,trapped,-0.07907665520906448
30,stuck,-0.004348192363977432
30,frustrated,0.11616186052560806
30,exasperated,0.14524678885936737
30,angry,0.1122647374868393
30,anxious,-0.018166273832321167
30,afraid,-0.046632833778858185
30,nervous,0.010961702093482018
30,stressed,0.09936552494764328
30,calm,-0.15169672667980194
30,self-confident,-0.05296682193875313
30,content,-0.0633358284831047
30,happy,-0.027014143764972687
30,hopeful,-0.13770559430122375
30,clinical_depression,-0.01665516011416912
30,acute_grief,0.04172740876674652
30,burnout_exhaustion,0.0159635990858078
30,physical_illness_fatigue,0.09999746084213257
30,anxiety_panic,-0.09270986169576645
30,frustration_blocked_goal,-0.003702630288898945
30,pain_axis,-0.06785421073436737
32,depressed,0.026695912703871727
32,sad,-0.03297889605164528
32,gloomy,0.0029499572701752186
32,melancholy,-0.06576920300722122
32,miserable,0.05155973136425018
32,dispirited,0.02681436575949192
32,listless,0.010332293808460236
32,weary,0.007918378338217735
32,worn out,0.054018691182136536
32,tired,0.040489330887794495
32,resigned,-0.03545118123292923
32,lonely,-0.07454916089773178
32,heartbroken,0.019460929557681084
32,grief-stricken,0.006388266570866108
32,worthless,0.011726226657629013
32,self-critical,0.00120497215539217
32,ashamed,0.013793538324534893
32,guilty,-0.011529112234711647
32,humiliated,0.03999245539307594
32,embarrassed,0.03329228609800339
32,regretful,-0.021573517471551895
32,sorry,-0.018819225952029228
32,desperate,0.07649745047092438
32,panicked,0.05449415370821953
32,hysterical,0.0653880164027214
32,overwhelmed,0.06074676662683487
32,distressed,0.04718760773539543
32,tormented,0.030074480921030045
32,trapped,-0.037765983492136
32,stuck,-0.021767647936940193
32,frustrated,0.07661336660385132
32,exasperated,0.09499245136976242
32,angry,0.0553106889128685
32,anxious,0.016643991693854332
32,afraid,-0.009052876383066177
32,nervous,0.0013863117201253772
32,stressed,0.08242770284414291
32,calm,-0.12095781415700912
32,self-confident,-0.055376727133989334
32,content,-0.08550019562244415
32,happy,-0.04995790868997574
32,hopeful,-0.08563654124736786
32,clinical_depression,-0.02594548463821411
32,acute_grief,-0.051353324204683304
32,burnout_exhaustion,-0.011018437333405018
32,physical_illness_fatigue,0.018991077318787575
32,anxiety_panic,-0.01976003497838974
32,frustration_blocked_goal,0.05680246278643608
32,pain_axis,-0.08811981230974197
34,depressed,0.026291362941265106
34,sad,-0.03419041261076927
34,gloomy,-0.004324129782617092
34,melancholy,-0.07179184257984161
34,miserable,0.05172746255993843
34,dispirited,0.015521533787250519
34,listless,0.003320147283375263
34,weary,0.0013991823652759194
34,worn out,0.04583266004920006
34,tired,0.04133821651339531
34,resigned,-0.05534575134515762
34,lonely,-0.07220394164323807
34,heartbroken,0.018361393362283707
34,grief-stricken,-0.0019079911289736629
34,worthless,0.00526841077953577
34,self-critical,0.012767607346177101
34,ashamed,0.019535642117261887
34,guilty,-0.017927709966897964
34,humiliated,0.05118493735790253
34,embarrassed,0.04232420772314072
34,regretful,-0.03078254498541355
34,sorry,-0.023404939100146294
34,desperate,0.07872135937213898
34,panicked,0.07632024586200714
34,hysterical,0.08780664950609207
34,overwhelmed,0.07979989796876907
34,distressed,0.07113083451986313
34,tormented,0.03823661431670189
34,trapped,-0.04026724398136139
34,stuck,-0.026789341121912003
34,frustrated,0.09750423580408096
34,exasperated,0.10829877853393555
34,angry,0.07193286716938019
34,anxious,0.043806929141283035
34,afraid,0.007221889682114124
34,nervous,0.026597632095217705
34,stressed,0.10485003143548965
34,calm,-0.13915589451789856
34,self-confident,-0.07141565531492233
34,content,-0.11278034746646881
34,happy,-0.080506332218647
34,hopeful,-0.11252735555171967
34,clinical_depression,-0.03456481918692589
34,acute_grief,-0.06213292479515076
34,burnout_exhaustion,-0.021568138152360916
34,physical_illness_fatigue,-0.0010932929581031203
34,anxiety_panic,-0.0032017878256738186
34,frustration_blocked_goal,0.07232493907213211
34,pain_axis,-0.05206502228975296
36,depressed,0.020503157749772072
36,sad,-0.034479666501283646
36,gloomy,-0.013066582381725311
36,melancholy,-0.0847439169883728
36,miserable,0.04564545303583145
36,dispirited,-0.001836847746744752
36,listless,-0.01472154539078474
36,weary,-0.014724010601639748
36,worn out,0.03200647979974747
36,tired,0.023648573085665703
36,resigned,-0.08232221752405167
36,lonely,-0.07263703644275665
36,heartbroken,0.020548250526189804
36,grief-stricken,0.019052285701036453
36,worthless,-0.009908204898238182
36,self-critical,0.0022748862393200397
36,ashamed,-0.015576416626572609
36,guilty,-0.037122827023267746
36,humiliated,0.014525234699249268
36,embarrassed,0.0077799479477107525
36,regretful,-0.052877817302942276
36,sorry,-0.037347935140132904
36,desperate,0.10846434533596039
36,panicked,0.09070650488138199
36,hysterical,0.10966263711452484
36,overwhelmed,0.08115505427122116
36,distressed,0.07116609066724777
36,tormented,0.06411180645227432
36,trapped,-0.021219173446297646
36,stuck,-0.021765107288956642
36,frustrated,0.10145042091608047
36,exasperated,0.10308962315320969
36,angry,0.07505323737859726
36,anxious,0.053097035735845566
36,afraid,0.0118747279047966
36,nervous,0.022349780425429344
36,stressed,0.11962693184614182
36,calm,-0.12205662578344345
36,self-confident,-0.07091834396123886
36,content,-0.08810631185770035
36,happy,-0.052916090935468674
36,hopeful,-0.08040499687194824
36,clinical_depression,-0.06365655362606049
36,acute_grief,-0.09390820562839508
36,burnout_exhaustion,-0.04792886972427368
36,physical_illness_fatigue,-0.048152241855859756
36,anxiety_panic,0.02146330289542675
36,frustration_blocked_goal,0.1280902475118637
36,pain_axis,-0.05803258717060089
38,depressed,0.014551444910466671
38,sad,-0.029688391834497452
38,gloomy,-0.005188013892620802
38,melancholy,-0.06872117519378662
38,miserable,0.038607340306043625
38,dispirited,0.009256655350327492
38,listless,-0.015687299892306328
38,weary,-0.005505333188921213
38,worn out,0.031620368361473083
38,tired,0.016849294304847717
38,resigned,-0.056121133267879486
38,lonely,-0.05436761677265167
38,heartbroken,0.014589673839509487
38,grief-stricken,0.02968892641365528
38,worthless,0.007391687948256731
38,self-critical,0.002254517050459981
38,ashamed,-0.013993572443723679
38,guilty,-0.01706620119512081
38,humiliated,-0.002552616875618696
38,embarrassed,-0.01125114131718874
38,regretful,-0.025384722277522087
38,sorry,-0.02519337460398674
38,desperate,0.10527656972408295
38,panicked,0.06076877564191818
38,hysterical,0.08654697984457016
38,overwhelmed,0.058686643838882446
38,distressed,0.045004408806562424
38,tormented,0.0422762855887413
38,trapped,-0.014260346069931984
38,stuck,-0.016771415248513222
38,frustrated,0.10121934860944748
38,exasperated,0.10114888101816177
38,angry,0.07034506648778915
38,anxious,0.019200466573238373
38,afraid,-0.009253917261958122
38,nervous,-0.0013319156132638454
38,stressed,0.08988823741674423
38,calm,-0.10461773723363876
38,self-confident,-0.06765317916870117
38,content,-0.07615505158901215
38,happy,-0.05710746347904205
38,hopeful,-0.064669668674469
38,clinical_depression,-0.0630626454949379
38,acute_grief,-0.06487130373716354
38,burnout_exhaustion,-0.05429888144135475
38,physical_illness_fatigue,-0.02507917769253254
38,anxiety_panic,-0.0056130909360945225
38,frustration_blocked_goal,0.12167885899543762
38,pain_axis,-0.04318280145525932
40,depressed,0.030232366174459457
40,sad,-0.02128741890192032
40,gloomy,0.0071089789271354675
40,melancholy,-0.04749584197998047
40,miserable,0.028169194236397743
40,dispirited,0.002150203799828887
40,listless,-0.0020468307193368673
40,weary,0.030983058735728264
40,worn out,0.06485901772975922
40,tired,0.056340284645557404
40,resigned,-0.04591355100274086
40,lonely,-0.030994947999715805
40,heartbroken,0.004797997418791056
40,grief-stricken,0.04042723774909973
40,worthless,-0.004912728443741798
40,self-critical,-0.012103011831641197
40,ashamed,-0.048746321350336075
40,guilty,-0.03526042401790619
40,humiliated,-0.06385985016822815
40,embarrassed,-0.0616404190659523
40,regretful,-0.05671685189008713
40,sorry,-0.04747644066810608
40,desperate,0.08379201591014862
40,panicked,0.07204418629407883
40,hysterical,0.08108806610107422
40,overwhelmed,0.08466038107872009
40,distressed,0.04582515358924866
40,tormented,0.04424941912293434
40,trapped,-0.015049918554723263
40,stuck,-0.02040870487689972
40,frustrated,0.05649612098932266
40,exasperated,0.06714298576116562
40,angry,0.02642459236085415
40,anxious,0.0565187968313694
40,afraid,0.021036837249994278
40,nervous,0.027743788436055183
40,stressed,0.1072397232055664
40,calm,-0.0717659592628479
40,self-confident,-0.06857951730489731
40,content,-0.05785076692700386
40,happy,-0.06370555609464645
40,hopeful,-0.07186727225780487
40,clinical_depression,-0.051492754369974136
40,acute_grief,-0.0828029215335846
40,burnout_exhaustion,-0.04482705518603325
40,physical_illness_fatigue,-0.02881564199924469
40,anxiety_panic,0.016454286873340607
40,frustration_blocked_goal,0.106203593313694
40,pain_axis,-0.04312363266944885
42,depressed,0.020276211202144623
42,sad,-0.005523246712982655
42,gloomy,0.01590827666223049
42,melancholy,-0.03809322789311409
42,miserable,0.034061502665281296
42,dispirited,0.02362135611474514
42,listless,-0.005081560462713242
42,weary,0.020922822877764702
42,worn out,0.04256307706236839
42,tired,0.03569519519805908
42,resigned,-0.03477012366056442
42,lonely,-0.03286205977201462
42,heartbroken,0.018165497109293938
42,grief-stricken,0.041813310235738754
42,worthless,0.007428606506437063
42,self-critical,-0.00824233889579773
42,ashamed,-0.03489382565021515
42,guilty,-0.02052132785320282
42,humiliated,-0.03502795472741127
42,embarrassed,-0.04312713071703911
42,regretful,-0.033641375601291656
42,sorry,-0.015899430960416794
42,desperate,0.06641717255115509
42,panicked,0.04861195385456085
42,hysterical,0.06326518952846527
42,overwhelmed,0.058824799954891205
42,distressed,0.031158890575170517
42,tormented,0.035433147102594376
42,trapped,-0.026164837181568146
42,stuck,-0.01630348339676857
42,frustrated,0.0567329041659832
42,exasperated,0.07667379081249237
42,angry,0.019718991592526436
42,anxious,0.02790960483253002
42,afraid,-0.004330583848059177
42,nervous,0.0039093163795769215
42,stressed,0.07708954066038132
42,calm,-0.07514049112796783
42,self-confident,-0.06218806654214859
42,content,-0.06156975030899048
42,happy,-0.04230315238237381
42,hopeful,-0.051066018640995026
42,clinical_depression,-0.03815630450844765
42,acute_grief,-0.05975167825818062
42,burnout_exhaustion,-0.03746568784117699
42,physical_illness_fatigue,-0.020358096808195114
42,anxiety_panic,-0.006448831409215927
42,frustration_blocked_goal,0.09325805306434631
42,pain_axis,-0.04974643886089325
44,depressed,0.00741773983463645
44,sad,-0.008359929546713829
44,gloomy,-0.01019456796348095
44,melancholy,-0.04680422693490982
44,miserable,0.021883584558963776
44,dispirited,-0.011513103730976582
44,listless,-0.027964793145656586
44,weary,-0.0021661692298948765
44,worn out,0.027591170743107796
44,tired,0.01878872700035572
44,resigned,-0.05857536569237709
44,lonely,-0.040418367832899094
44,heartbroken,0.027850719168782234
44,grief-stricken,0.059306610375642776
44,worthless,-0.02441123127937317
44,self-critical,-0.029971081763505936
44,ashamed,-0.026324542239308357
44,guilty,-0.012969573959708214
44,humiliated,-0.03461608663201332
44,embarrassed,-0.03781380131840706
44,regretful,-0.032420769333839417
44,sorry,-0.020732758566737175
44,desperate,0.08914674818515778
44,panicked,0.07716695964336395
44,hysterical,0.09273826330900192
44,overwhelmed,0.06015792116522789
44,distressed,0.06297211349010468
44,tormented,0.053890325129032135
44,trapped,-0.01247746404260397
44,stuck,-0.034015074372291565
44,frustrated,0.06382805109024048
44,exasperated,0.07875209301710129
44,angry,0.05065936595201492
44,anxious,0.042871054261922836
44,afraid,0.025807607918977737
44,nervous,0.02198079600930214
44,stressed,0.0803225040435791
44,calm,-0.07470475882291794
44,self-confident,-0.06684881448745728
44,content,-0.06390869617462158
44,happy,-0.05620666965842247
44,hopeful,-0.060091737657785416
44,clinical_depression,-0.051961157470941544
44,acute_grief,-0.054703425616025925
44,burnout_exhaustion,-0.0540611632168293
44,physical_illness_fatigue,-0.03371507674455643
44,anxiety_panic,0.015056479722261429
44,frustration_blocked_goal,0.09487158060073853
44,pain_axis,-0.058141354471445084
46,depressed,0.008142733946442604
46,sad,0.003001265227794647
46,gloomy,0.007450862787663937
46,melancholy,-0.027587544173002243
46,miserable,0.019552789628505707
46,dispirited,0.0024837981909513474
46,listless,-0.014035604894161224
46,weary,0.01578395813703537
46,worn out,0.03486817330121994
46,tired,0.03877721726894379
46,resigned,-0.03914457932114601
46,lonely,-0.019236337393522263
46,heartbroken,0.005726932547986507
46,grief-stricken,0.03733699768781662
46,worthless,-0.020001929253339767
46,self-critical,-0.014784928411245346
46,ashamed,-0.0291240606456995
46,guilty,-0.012202072888612747
46,humiliated,-0.02392062544822693
46,embarrassed,-0.01929411105811596
46,regretful,-0.037504035979509354
46,sorry,-0.004744320176541805
46,desperate,0.057494401931762695
46,panicked,0.06696916371583939
46,hysterical,0.05886262655258179
46,overwhelmed,0.06089060753583908
46,distressed,0.054485369473695755
46,tormented,0.030962923541665077
46,trapped,-0.03235514089465141
46,stuck,-0.035881802439689636
46,frustrated,0.054864730685949326
46,exasperated,0.07495523244142532
46,angry,0.017300648614764214
46,anxious,0.056813795119524
46,afraid,0.02068145200610161
46,nervous,0.04241393506526947
46,stressed,0.08062589913606644
46,calm,-0.06147170811891556
46,self-confident,-0.07567169517278671
46,content,-0.060970865190029144
46,happy,-0.061541225761175156
46,hopeful,-0.06362242996692657
46,clinical_depression,-0.034818630665540695
46,acute_grief,-0.05112944170832634
46,burnout_exhaustion,-0.05202821269631386
46,physical_illness_fatigue,-0.025977296754717827
46,anxiety_panic,0.008282564580440521
46,frustration_blocked_goal,0.08444377779960632
46,pain_axis,-0.03232080861926079
48,depressed,0.004768391605466604
48,sad,-0.0016181645914912224
48,gloomy,-0.00278044817969203
48,melancholy,-0.034001756459474564
48,miserable,0.011916713789105415
48,dispirited,-0.007477028761059046
48,listless,-0.02631186880171299
48,weary,-0.002247225260362029
48,worn out,0.024947483092546463
48,tired,0.023913642391562462
48,resigned,-0.052640777081251144
48,lonely,-0.03127194195985794
48,heartbroken,0.011628643609583378
48,grief-stricken,0.04124245420098305
48,worthless,-0.018671197816729546
48,self-critical,0.0019712483044713736
48,ashamed,-0.012361003085970879
48,guilty,-0.009243221022188663
48,humiliated,-0.007136985659599304
48,embarrassed,-0.00941557064652443
48,regretful,-0.028052715584635735
48,sorry,-0.002447358099743724
48,desperate,0.06233615800738335
48,panicked,0.07308871299028397
48,hysterical,0.0695280209183693
48,overwhelmed,0.057825781404972076
48,distressed,0.06092438846826553
48,tormented,0.03797798231244087
48,trapped,-0.03464760631322861
48,stuck,-0.042300429195165634
48,frustrated,0.056940484791994095
48,exasperated,0.0735035240650177
48,angry,0.03229968994855881
48,anxious,0.05104044824838638
48,afraid,0.026360653340816498
48,nervous,0.03084428608417511
48,stressed,0.0712270587682724
48,calm,-0.0657208114862442
48,self-confident,-0.07581879943609238
48,content,-0.05773108825087547
48,happy,-0.058981817215681076
48,hopeful,-0.060794129967689514
48,clinical_depression,-0.03397049382328987
48,acute_grief,-0.04629574716091156
48,burnout_exhaustion,-0.06333930790424347
48,physical_illness_fatigue,-0.018959615379571915
48,anxiety_panic,0.01877416856586933
48,frustration_blocked_goal,0.07397788763046265
48,pain_axis,-0.0448843389749527
50,depressed,0.005941901355981827
50,sad,-0.0020583998411893845
50,gloomy,0.010819336399435997
50,melancholy,-0.019292419776320457
50,miserable,0.009583862498402596
50,dispirited,0.013061712495982647
50,listless,-0.013903035782277584
50,weary,0.01410727296024561
50,worn out,0.025861144065856934
50,tired,0.027177944779396057
50,resigned,-0.03244344890117645
50,lonely,-0.006797418929636478
50,heartbroken,0.00048429492744617164
50,grief-stricken,0.02764984406530857
50,worthless,0.0033956808038055897
50,self-critical,0.011514915153384209
50,ashamed,-0.019852465018630028
50,guilty,-0.01401435025036335
50,humiliated,-0.021811284124851227
50,embarrassed,-0.02114880084991455
50,regretful,-0.035558007657527924
50,sorry,-0.014056808315217495
50,desperate,0.042576633393764496
50,panicked,0.04816114902496338
50,hysterical,0.028589971363544464
50,overwhelmed,0.04562080651521683
50,distressed,0.023779358714818954
50,tormented,0.020491162315011024
50,trapped,-0.018432240933179855
50,stuck,-0.012517753057181835
50,frustrated,0.015788523480296135
50,exasperated,0.029901837930083275
50,angry,-0.015664074569940567
50,anxious,0.04496355354785919
50,afraid,0.01956668496131897
50,nervous,0.02375849150121212
50,stressed,0.059638671576976776
50,calm,-0.03727403283119202
50,self-confident,-0.04997697100043297
50,content,-0.016626618802547455
50,happy,-0.038404956459999084
50,hopeful,-0.03700067475438118
50,clinical_depression,-0.026676861569285393
50,acute_grief,-0.045927077531814575
50,burnout_exhaustion,-0.039932843297719955
50,physical_illness_fatigue,-0.014455233700573444
50,anxiety_panic,0.011659820564091206
50,frustration_blocked_goal,0.06118863821029663
50,pain_axis,-0.05772562697529793
52,depressed,-0.003248763270676136
52,sad,-0.00279928813688457
52,gloomy,0.004975908901542425
52,melancholy,-0.018565701320767403
52,miserable,0.001973259961232543
52,dispirited,0.004579263273626566
52,listless,-0.014188248664140701
52,weary,0.009281816892325878
52,worn out,0.014532053843140602
52,tired,0.01916762813925743
52,resigned,-0.012281280942261219
52,lonely,-0.01819845847785473
52,heartbroken,0.007313549052923918
52,grief-stricken,0.023742523044347763
52,worthless,-0.0009357950184494257
52,self-critical,-0.007685945834964514
52,ashamed,-0.012745889835059643
52,guilty,-0.0037292763590812683
52,humiliated,-0.008677094243466854
52,embarrassed,-0.016589608043432236
52,regretful,-0.029661498963832855
52,sorry,-0.015499886125326157
52,desperate,0.02919044904410839
52,panicked,0.027767054736614227
52,hysterical,0.0343237929046154
52,overwhelmed,0.019507257267832756
52,distressed,0.015588504262268543
52,tormented,0.018337776884436607
52,trapped,-0.012946542352437973
52,stuck,-0.015146149322390556
52,frustrated,0.021251000463962555
52,exasperated,0.03617211803793907
52,angry,0.005787662696093321
52,anxious,0.023449772968888283
52,afraid,0.008875982835888863
52,nervous,0.011453378945589066
52,stressed,0.03089149482548237
52,calm,-0.02684798464179039
52,self-confident,-0.02707597054541111
52,content,-0.016579527407884598
52,happy,-0.023120982572436333
52,hopeful,-0.025974763557314873
52,clinical_depression,-0.031038861721754074
52,acute_grief,-0.014631800353527069
52,burnout_exhaustion,-0.030371161177754402
52,physical_illness_fatigue,-0.01598549447953701
52,anxiety_panic,0.0031791259534657
52,frustration_blocked_goal,0.05018703266978264
52,pain_axis,-0.05852384492754936
54,depressed,-0.006307142321020365
54,sad,-0.007191175129264593
54,gloomy,0.007277324330061674
54,melancholy,-0.01600087247788906
54,miserable,0.0009378097602166235
54,dispirited,0.0024633107241243124
54,listless,-0.014134524390101433
54,weary,0.01125766895711422
54,worn out,0.016504131257534027
54,tired,0.024050584062933922
54,resigned,-0.01051755715161562
54,lonely,-0.030116267502307892
54,heartbroken,0.005152534227818251
54,grief-stricken,0.010963204316794872
54,worthless,-0.004866002593189478
54,self-critical,-0.001559333992190659
54,ashamed,-0.015361139550805092
54,guilty,-0.007687334902584553
54,humiliated,-0.013183590956032276
54,embarrassed,-0.01517438143491745
54,regretful,-0.030357882380485535
54,sorry,-0.01553737185895443
54,desperate,0.029965588822960854
54,panicked,0.027298133820295334
54,hysterical,0.02986050769686699
54,overwhelmed,0.014613422565162182
54,distressed,0.011798486113548279
54,tormented,0.01538881566375494
54,trapped,-0.007929300889372826
54,stuck,-0.009815155528485775
54,frustrated,0.022446781396865845
54,exasperated,0.04733807221055031
54,angry,0.0019629416055977345
54,anxious,0.02549876645207405
54,afraid,0.004547330550849438
54,nervous,0.018827861174941063
54,stressed,0.02972477488219738
54,calm,-0.01968524046242237
54,self-confident,-0.022265328094363213
54,content,-0.016065474599599838
54,happy,-0.022115718573331833
54,hopeful,-0.02763652801513672
54,clinical_depression,-0.027287932112812996
54,acute_grief,-0.015861161053180695
54,burnout_exhaustion,-0.0346732959151268
54,physical_illness_fatigue,-0.017517151311039925
54,anxiety_panic,0.004176435526460409
54,frustration_blocked_goal,0.051402147859334946
54,pain_axis,-0.07433661073446274
56,depressed,-0.01913326606154442
56,sad,0.012392791919410229
56,gloomy,0.00035946062416769564
56,melancholy,0.005766005255281925
56,miserable,-0.0017459841910749674
56,dispirited,0.0012821935815736651
56,listless,-0.027688054367899895
56,weary,-0.0027274680323898792
56,worn out,-0.007659128401428461
56,tired,-0.005172636825591326
56,resigned,-0.017514342442154884
56,lonely,-0.015935806557536125
56,heartbroken,0.010418128222227097
56,grief-stricken,0.026617735624313354
56,worthless,-0.006031672935932875
56,self-critical,0.0004668700566980988
56,ashamed,-0.004129244480282068
56,guilty,-0.0027089049108326435
56,humiliated,-0.004674248863011599
56,embarrassed,-0.009437751024961472
56,regretful,-0.020593581721186638
56,sorry,0.00966673344373703
56,desperate,0.03018450178205967
56,panicked,0.02846934273838997
56,hysterical,0.019330060109496117
56,overwhelmed,-0.00245380075648427
56,distressed,0.020033448934555054
56,tormented,0.009817971847951412
56,trapped,-0.02220086380839348
56,stuck,-0.01415292825549841
56,frustrated,0.021800057962536812
56,exasperated,0.03353967145085335
56,angry,0.010515916161239147
56,anxious,0.018370112404227257
56,afraid,0.009316605515778065
56,nervous,0.018872112035751343
56,stressed,0.015650825574994087
56,calm,-0.011989684775471687
56,self-confident,-0.0252275001257658
56,content,-0.003010878572240472
56,happy,-0.011828024871647358
56,hopeful,-0.011017629876732826
56,clinical_depression,-0.0187861155718565
56,acute_grief,-0.0004705210158135742
56,burnout_exhaustion,-0.04777906462550163
56,physical_illness_fatigue,-0.020641231909394264
56,anxiety_panic,0.0046908180229365826
56,frustration_blocked_goal,0.04690663143992424
56,pain_axis,-0.05054842680692673
58,depressed,-0.010171712376177311
58,sad,0.008416356518864632
58,gloomy,0.003981003072112799
58,melancholy,0.002713502384722233
58,miserable,0.0029486767016351223
58,dispirited,0.0075361598283052444
58,listless,-0.023532217368483543
58,weary,0.0028900711331516504
58,worn out,0.0017735020956024528
58,tired,-0.0035256578121334314
58,resigned,-0.007193054538220167
58,lonely,-0.012877833098173141
58,heartbroken,0.022327212616801262
58,grief-stricken,0.027880094945430756
58,worthless,0.012789824977517128
58,self-critical,0.00968677457422018
58,ashamed,-0.011202281340956688
58,guilty,-0.008996487595140934
58,humiliated,0.003860591445118189
58,embarrassed,-0.01355862058699131
58,regretful,-0.03539523482322693
58,sorry,-0.004660836420953274
58,desperate,0.03244854882359505
58,panicked,0.02479453943669796
58,hysterical,0.031456608325242996
58,overwhelmed,0.0009245318360626698
58,distressed,0.016147885471582413
58,tormented,0.021057160571217537
58,trapped,-0.010430794209241867
58,stuck,-0.003733739024028182
58,frustrated,0.021064884960651398
58,exasperated,0.03155720978975296
58,angry,0.016834165900945663
58,anxious,0.011706335470080376
58,afraid,-0.0025390947703272104
58,nervous,0.0002319566410733387
58,stressed,0.013245390728116035
58,calm,-0.023593436926603317
58,self-confident,-0.03012571483850479
58,content,-0.018635084852576256
58,happy,-0.015465029515326023
58,hopeful,-0.012415057048201561
58,clinical_depression,-0.017522800713777542
58,acute_grief,-0.0018164344364777207
58,burnout_exhaustion,-0.029027655720710754
58,physical_illness_fatigue,-0.023903634399175644
58,anxiety_panic,0.003801771905273199
58,frustration_blocked_goal,0.03970286250114441
58,pain_axis,-0.0502019003033638
59,depressed,-0.000874606950674206
59,sad,0.0266177486628294
59,gloomy,0.019112732261419296
59,melancholy,0.009520270861685276
59,miserable,0.015516407787799835
59,dispirited,0.02580879256129265
59,listless,-0.012812458910048008
59,weary,0.005946336779743433
59,worn out,0.009281422942876816
59,tired,0.00263379979878664
59,resigned,0.0010369864758104086
59,lonely,-0.0010602131951600313
59,heartbroken,0.025692034512758255
59,grief-stricken,0.029560331255197525
59,worthless,0.02846389263868332
59,self-critical,0.015893559902906418
59,ashamed,-0.0072135645896196365
59,guilty,-0.007126658223569393
59,humiliated,0.0024191965349018574
59,embarrassed,-0.01754867658019066
59,regretful,-0.029772924259305
59,sorry,-0.0014131356729194522
59,desperate,0.021901005879044533
59,panicked,0.007564589846879244
59,hysterical,0.01740010268986225
59,overwhelmed,-0.0093325050547719
59,distressed,0.010907833464443684
59,tormented,0.01588781177997589
59,trapped,-0.01167378295212984
59,stuck,0.0027519934810698032
59,frustrated,0.011245454661548138
59,exasperated,0.024710552766919136
59,angry,0.0038931667804718018
59,anxious,0.0014534143265336752
59,afraid,-0.0105322590097785
59,nervous,-0.008619722910225391
59,stressed,0.005767268128693104
59,calm,-0.02338217943906784
59,self-confident,-0.037047021090984344
59,content,-0.013116526417434216
59,happy,-0.009604133665561676
59,hopeful,-0.0151927899569273
59,clinical_depression,-0.0037916942965239286
59,acute_grief,0.007537081837654114
59,burnout_exhaustion,-0.01973962038755417
59,physical_illness_fatigue,-0.019037259742617607
59,anxiety_panic,-0.007756860926747322
59,frustration_blocked_goal,0.029167024418711662
59,pain_axis,-0.04020389914512634
60,depressed,-0.008395594544708729
60,sad,0.022100690752267838
60,gloomy,0.013767514377832413
60,melancholy,0.00714467279613018
60,miserable,0.007458256091922522
60,dispirited,0.024339614436030388
60,listless,-0.01412521954625845
60,weary,-0.0016312968218699098
60,worn out,0.003647945821285248
60,tired,-0.0063290842808783054
60,resigned,-0.0026978349778801203
60,lonely,-0.0025716861709952354
60,heartbroken,0.02749575860798359
60,grief-stricken,0.03001042641699314
60,worthless,0.026251712813973427
60,self-critical,0.017180919647216797
60,ashamed,-0.015688776969909668
60,guilty,-0.01726905256509781
60,humiliated,0.0004697839030995965
60,embarrassed,-0.01974458061158657
60,regretful,-0.03348216414451599
60,sorry,-0.013363289646804333
60,desperate,0.03068450465798378
60,panicked,0.02071365714073181
60,hysterical,0.02376502752304077
60,overwhelmed,-0.002505864016711712
60,distressed,0.013817225582897663
60,tormented,0.016399061307311058
60,trapped,-0.013840463943779469
60,stuck,0.007092511747032404
60,frustrated,0.011162271723151207
60,exasperated,0.028503382578492165
60,angry,-6.849641795270145e-05
60,anxious,0.0073926509357988834
60,afraid,-0.009574439376592636
60,nervous,-0.0033802727703005075
60,stressed,0.01300892699509859
60,calm,-0.017821136862039566
60,self-confident,-0.034128956496715546
60,content,-0.012264103628695011
60,happy,-0.01161670871078968
60,hopeful,-0.012661377899348736
60,clinical_depression,-0.011007007211446762
60,acute_grief,0.011476502753794193
60,burnout_exhaustion,-0.019144631922245026
60,physical_illness_fatigue,-0.02785494178533554
60,anxiety_panic,-0.0006835801177658141
60,frustration_blocked_goal,0.03005918674170971
60,pain_axis,-0.05117262527346611
61,depressed,-0.002190847648307681
61,sad,-0.0008050486212596297
61,gloomy,-0.011577870696783066
61,melancholy,-0.0262785442173481
61,miserable,-0.0053892009891569614
61,dispirited,-0.015302097424864769
61,listless,-0.027163174003362656
61,weary,-0.010782078839838505
61,worn out,0.006701373960822821
61,tired,0.0063238502480089664
61,resigned,-0.045769523829221725
61,lonely,-0.023320162668824196
61,heartbroken,0.023493310436606407
61,grief-stricken,0.04036836698651314
61,worthless,-0.013869252987205982
61,self-critical,-0.012264983728528023
61,ashamed,-0.0363256074488163
61,guilty,-0.028183797374367714
61,humiliated,-0.011098652146756649
61,embarrassed,-0.01235834788531065
61,regretful,-0.05503135174512863
61,sorry,-0.02592051587998867
61,desperate,0.04439631476998329
61,panicked,0.0703703761100769
61,hysterical,0.06033515930175781
61,overwhelmed,0.041048236191272736
61,distressed,0.04851926118135452
61,tormented,0.040614642202854156
61,trapped,-0.028122553601861
61,stuck,-0.029509292915463448
61,frustrated,0.01895199716091156
61,exasperated,0.039510712027549744
61,angry,0.012425391003489494
61,anxious,0.05332561954855919
61,afraid,0.03656260669231415
61,nervous,0.03636332228779793
61,stressed,0.05075543373823166
61,calm,-0.031898658722639084
61,self-confident,-0.053629498928785324
61,content,-0.03195454180240631
61,happy,-0.015595151111483574
61,hopeful,-0.025522693991661072
61,clinical_depression,-0.026655156165361404
61,acute_grief,-0.01617080718278885
61,burnout_exhaustion,-0.057245511561632156
61,physical_illness_fatigue,-0.019546225666999817
61,anxiety_panic,0.033507369458675385
61,frustration_blocked_goal,0.0361652746796608
61,pain_axis,-0.05181062966585159
